Name,Region,state,summit_elev,vertical_drop,base_elev,trams,fastSixes,fastQuads,quad,triple,double,surface,total_chairs,Runs,TerrainParks,LongestRun_mi,SkiableTerrain_ac,Snow Making_ac,daysOpenLastYear,yearsOpen,averageSnowfall,AdultWeekend,projectedDaysOpen,NightSkiing_ac
Alyeska Resort,Alaska,Alaska,3939,2500,250,1,0,2,2,0,0,2,7,76.0,2.0,1.0,1610.0,113.0,150.0,60.0,669.0,85.0,150.0,550.0
Eaglecrest Ski Area,Alaska,Alaska,2600,1540,1200,0,0,0,0,0,4,0,4,36.0,1.0,2.0,640.0,60.0,45.0,44.0,350.0,53.0,90.0,
Hilltop Ski Area,Alaska,Alaska,2090,294,1796,0,0,0,0,1,0,2,3,13.0,1.0,1.0,30.0,30.0,150.0,36.0,69.0,34.0,152.0,30.0
Arizona Snowbowl,Arizona,Arizona,11500,2300,9200,0,1,0,2,2,1,2,8,55.0,4.0,2.0,777.0,104.0,122.0,81.0,260.0,89.0,122.0,
Sunrise Park Resort,Arizona,Arizona,11100,1800,9200,0,0,1,2,3,1,0,7,65.0,2.0,1.2,800.0,80.0,115.0,49.0,250.0,78.0,104.0,80.0
Yosemite Ski & Snowboard Area,Northern California,California,7800,600,7200,0,0,0,0,1,3,1,5,10.0,2.0,0.4,88.0,,110.0,84.0,300.0,47.0,107.0,
Dodge Ridge,Sierra Nevada,California,8200,1600,6600,0,0,0,1,2,5,4,12,67.0,5.0,2.0,862.0,,,69.0,350.0,78.0,140.0,
Donner Ski Ranch,Sierra Nevada,California,8012,750,7031,0,0,0,0,1,5,2,8,52.0,2.0,1.5,505.0,60.0,163.0,82.0,400.0,75.0,170.0,
Mammoth Mountain Ski Area,Sierra Nevada,California,11053,3100,7953,3,2,9,1,6,4,0,25,154.0,7.0,3.0,3500.0,700.0,243.0,66.0,400.0,159.0,,
Mt. Shasta Ski Park,Sierra Nevada,California,6890,1435,5500,0,0,0,0,3,0,1,4,32.0,2.0,1.1,425.0,225.0,140.0,34.0,300.0,59.0,130.0,
Mountain High,Sierra Nevada,California,8200,1600,6600,0,0,2,2,2,5,3,14,59.0,1.0,1.6,290.0,275.0,118.0,95.0,108.0,84.0,150.0,73.0
Mt. Baldy,Sierra Nevada,California,8600,2100,6500,0,0,0,0,0,4,0,4,26.0,,2.5,400.0,80.0,175.0,67.0,178.0,69.0,200.0,
Ski China Peak,Sierra Nevada,California,8709,1679,7030,0,0,0,1,4,2,4,11,45.0,1.0,2.2,1400.0,150.0,140.0,62.0,300.0,83.0,144.0,
Snow Valley,Sierra Nevada,California,7841,1041,6800,0,0,0,0,5,6,1,12,28.0,6.0,1.2,240.0,188.0,111.0,82.0,160.0,79.0,143.0,164.0
Soda Springs,Sierra Nevada,California,7352,652,6700,0,0,0,0,1,1,2,4,18.0,,0.4,200.0,20.0,150.0,83.0,400.0,50.0,144.0,
Sugar Bowl Resort,Sierra Nevada,California,8383,1500,6883,1,0,5,3,1,0,2,12,105.0,3.0,3.0,1650.0,375.0,151.0,80.0,500.0,125.0,150.0,
Tahoe Donner,Sierra Nevada,California,7350,600,6750,0,0,0,1,1,0,3,5,14.0,2.0,1.0,120.0,,150.0,48.0,400.0,69.0,144.0,
Arapahoe Basin Ski Area,Colorado,Colorado,13050,2530,10780,0,0,1,2,1,2,3,9,145.0,3.0,1.5,1428.0,125.0,230.0,73.0,350.0,85.0,233.0,
Aspen / Snowmass,Colorado,Colorado,12510,4406,8104,3,1,15,4,3,5,9,40,336.0,10.0,5.3,5517.0,658.0,138.0,72.0,300.0,179.0,138.0,
Copper Mountain Resort,Colorado,Colorado,12313,2738,9712,1,2,4,0,4,4,9,24,150.0,6.0,1.7,2527.0,364.0,164.0,47.0,300.0,158.0,164.0,
Purgatory,Colorado,Colorado,10822,2029,8793,0,1,2,0,3,3,3,12,101.0,9.0,1.3,1605.0,250.0,130.0,54.0,260.0,89.0,130.0,
Howelsen Hill,Colorado,Colorado,7136,440,6696,0,0,0,0,0,1,3,4,17.0,1.0,6.0,50.0,25.0,100.0,104.0,150.0,25.0,100.0,10.0
Loveland,Colorado,Colorado,13010,2210,10800,0,0,1,3,3,2,1,10,94.0,1.0,2.0,1800.0,240.0,205.0,82.0,422.0,79.0,184.0,
Monarch Mountain,Colorado,Colorado,11952,1162,10790,0,0,0,1,0,4,2,7,64.0,2.0,1.0,800.0,,143.0,80.0,350.0,89.0,136.0,
Powderhorn,Colorado,Colorado,9850,1650,8200,0,0,1,0,0,2,2,5,42.0,2.0,1.5,1600.0,42.0,111.0,53.0,250.0,71.0,110.0,
Silverton Mountain,Colorado,Colorado,13487,3087,10400,0,0,0,0,0,1,0,1,,,1.5,1819.0,,175.0,17.0,400.0,79.0,181.0,
Cooper,Colorado,Colorado,11700,1200,10500,0,0,0,0,1,1,2,4,41.0,1.0,1.0,400.0,,130.0,74.0,260.0,56.0,130.0,
Ski Granby Ranch,Colorado,Colorado,9202,1000,8202,0,0,2,0,1,1,1,5,40.0,1.0,0.6,406.0,170.0,116.0,36.0,220.0,84.0,92.0,100.0
Sunlight Mountain Resort,Colorado,Colorado,9895,2010,7885,0,0,0,0,1,2,0,3,67.0,1.0,2.5,680.0,30.0,100.0,53.0,250.0,65.0,135.0,
Telluride,Colorado,Colorado,13150,4425,8725,2,0,6,1,2,2,4,17,148.0,3.0,4.6,2000.0,220.0,131.0,47.0,280.0,139.0,137.0,
Wolf Creek Ski Area,Colorado,Colorado,11904,1604,10300,0,0,3,1,2,1,3,10,120.0,,2.0,1600.0,5.0,130.0,80.0,430.0,72.0,150.0,
Mohawk Mountain,Connecticut,Connecticut,1600,650,950,0,0,0,0,5,0,3,8,25.0,,1.5,107.0,100.0,,72.0,92.0,65.0,110.0,64.0
Mount Southington Ski Area,Connecticut,Connecticut,525,425,100,0,0,0,0,2,2,3,7,14.0,2.0,0.3,51.0,51.0,63.0,55.0,80.0,60.0,95.0,51.0
Powder Ridge Park,Connecticut,Connecticut,720,550,170,0,0,0,0,1,2,2,5,19.0,4.0,0.5,80.0,68.0,80.0,60.0,80.0,55.0,100.0,40.0
Ski Sundown,Connecticut,Connecticut,1075,625,450,0,0,0,0,3,0,2,5,16.0,2.0,1.0,70.0,70.0,84.0,50.0,45.0,62.0,95.0,66.0
Woodbury Ski Area,Connecticut,Connecticut,730,300,430,0,0,0,0,0,1,4,5,12.0,2.0,0.2,50.0,50.0,126.0,57.0,70.0,42.0,180.0,35.0
Bogus Basin,Idaho,Idaho,7582,1800,5800,0,0,3,0,1,3,4,11,91.0,3.0,1.5,2600.0,,134.0,77.0,250.0,64.0,130.0,165.0
Brundage Mountain Resort,Idaho,Idaho,7640,1800,5840,0,0,1,0,4,0,1,6,51.0,2.0,3.2,1920.0,2.0,126.0,58.0,320.0,70.0,,
Kelly Canyon Ski Area,Idaho,Idaho,6600,1000,5600,0,0,0,0,0,4,2,6,51.0,1.0,1.3,740.0,,,62.0,200.0,42.0,,
Lookout Pass Ski Area,Idaho,Idaho,5650,1150,4500,0,0,0,0,1,3,0,4,35.0,2.0,1.5,540.0,,113.0,84.0,400.0,47.0,140.0,
Magic Mountain Ski Area,Idaho,Idaho,7200,700,6500,0,0,0,0,0,1,2,3,11.0,,1.5,280.0,,65.0,81.0,180.0,32.0,70.0,
Pebble Creek Ski Area,Idaho,Idaho,8560,2200,6360,0,0,0,0,3,0,0,3,54.0,2.0,1.3,1100.0,30.0,85.0,70.0,250.0,47.0,91.0,30.0
Schweitzer,Idaho,Idaho,6400,2400,4000,0,1,2,0,1,3,2,9,92.0,3.0,2.1,2900.0,47.0,136.0,56.0,300.0,81.0,,100.0
Silver Mountain,Idaho,Idaho,6300,2200,4100,1,0,0,1,2,2,1,7,80.0,2.0,2.5,1600.0,225.0,130.0,29.0,300.0,62.0,193.0,20.0
Soldier Mountain Ski Area,Idaho,Idaho,7200,1400,5800,0,0,0,0,0,2,1,3,36.0,,0.4,1142.0,,60.0,71.0,,43.0,,
Tamarack Resort,Idaho,Idaho,7700,2800,4900,0,0,2,2,0,0,2,6,48.0,3.0,1.5,1020.0,200.0,,15.0,300.0,71.0,150.0,
Chestnut Mountain Resort,Illinois,Illinois,1040,475,565,0,0,0,2,4,0,3,9,22.0,3.0,0.2,139.0,139.0,87.0,60.0,50.0,55.0,112.0,139.0
Ski Snowstar Winter Sports Park,Illinois,Illinois,790,262,528,0,0,0,2,0,2,2,6,15.0,1.0,0.8,28.0,28.0,56.0,38.0,38.0,35.0,86.0,28.0
Villa Olivia,Illinois,Illinois,500,180,320,0,0,0,1,0,0,6,7,7.0,1.0,0.1,15.0,15.0,,53.0,25.0,40.0,70.0,15.0
Paoli Peaks,Indiana,Indiana,900,300,600,0,0,1,1,3,1,2,8,15.0,2.0,0.4,65.0,65.0,75.0,41.0,18.0,45.0,80.0,65.0
Perfect North Slopes,Indiana,Indiana,800,400,400,0,0,0,2,3,0,6,11,23.0,2.0,1.0,100.0,100.0,82.0,39.0,24.0,52.0,90.0,100.0
Mt. Crescent Ski Area,Iowa,Iowa,1500,300,1200,0,0,0,1,0,1,0,2,11.0,1.0,0.2,50.0,50.0,,58.0,30.0,39.0,,50.0
Seven Oaks,Iowa,Iowa,975,275,800,0,0,0,0,2,0,2,4,11.0,2.0,1.0,35.0,35.0,100.0,22.0,40.0,40.0,100.0,35.0
Sundown Mountain,Iowa,Iowa,1059,475,584,0,0,0,1,1,2,2,6,21.0,2.0,0.6,55.0,55.0,,46.0,45.0,46.0,,55.0
Big Squaw Mountain Ski Resort,Maine,Maine,3200,660,1750,0,0,0,0,1,0,0,1,29.0,,0.8,,,67.0,6.0,,30.0,58.0,
Camden Snow Bowl,Maine,Maine,1080,850,150,0,0,0,0,1,1,1,3,26.0,2.0,1.0,100.0,48.0,68.0,83.0,69.0,43.0,70.0,48.0
Lost Valley,Maine,Maine,495,240,255,0,0,0,0,0,2,2,4,22.0,2.0,0.3,45.0,45.0,87.0,58.0,50.0,55.0,104.0,45.0
Mt. Abram Ski Resort,Maine,Maine,2250,1150,1050,0,0,0,0,0,2,3,5,54.0,1.0,0.5,640.0,175.0,120.0,59.0,125.0,49.0,120.0,
New Hermon Mountain,Maine,Maine,450,350,100,0,0,0,0,0,1,2,3,20.0,,1.9,70.0,70.0,102.0,55.0,90.0,32.0,117.0,45.0
Shawnee Peak,Maine,Maine,1900,1350,600,0,0,0,1,2,1,2,6,43.0,3.0,0.8,239.0,234.0,97.0,81.0,110.0,75.0,103.0,110.0
Sugarloaf,Maine,Maine,4237,2820,1417,0,0,2,3,1,5,2,13,162.0,4.0,3.5,1240.0,618.0,159.0,68.0,200.0,99.0,155.0,
Sunday River,Maine,Maine,3140,2340,800,1,0,4,5,3,1,1,15,135.0,5.0,3.0,870.0,552.0,165.0,60.0,167.0,105.0,169.0,140.0
Wisp,Maryland,Maryland,3115,700,2415,0,0,0,2,5,0,5,12,34.0,3.0,1.5,172.0,118.0,121.0,64.0,100.0,79.0,120.0,118.0
Berkshire East,Massachusetts,Massachusetts,1720,1180,540,0,0,0,2,1,1,2,6,47.0,2.0,2.0,180.0,165.0,120.0,68.0,120.0,68.0,120.0,80.0
Blandford Ski Area,Massachusetts,Massachusetts,1685,465,1035,0,0,0,0,0,3,2,5,29.0,2.0,0.5,132.0,70.0,,83.0,50.0,45.0,,70.0
Blue Hills Ski Area,Massachusetts,Massachusetts,635,309,326,0,0,0,0,0,1,3,4,16.0,1.0,,60.0,60.0,,19.0,,45.0,,
Bousquet Ski Area,Massachusetts,Massachusetts,1875,750,1125,0,0,0,0,0,3,2,5,23.0,1.0,1.0,200.0,98.0,,19.0,83.0,49.0,,100.0
Bradford Ski Area,Massachusetts,Massachusetts,1548,248,1300,0,0,0,0,2,0,8,10,15.0,1.0,0.3,48.0,48.0,,71.0,,55.0,,
Jiminy Peak,Massachusetts,Massachusetts,2380,1150,1230,0,1,0,2,3,1,2,9,45.0,3.0,2.0,167.0,163.0,121.0,71.0,90.0,81.0,120.0,104.0
Nashoba Valley,Massachusetts,Massachusetts,440,240,200,0,0,0,0,3,1,7,11,17.0,2.0,0.5,52.0,52.0,112.0,55.0,55.0,58.0,126.0,52.0
Otis Ridge Ski Area,Massachusetts,Massachusetts,1700,400,1300,0,0,0,0,0,1,3,4,11.0,1.0,1.0,60.0,55.0,106.0,73.0,70.0,40.0,106.0,35.0
Ski Butternut,Massachusetts,Massachusetts,1800,1000,800,0,0,0,3,1,1,6,11,22.0,2.0,1.5,110.0,110.0,107.0,56.0,115.0,60.0,110.0,
Wachusett Mountain Ski Area,Massachusetts,Massachusetts,2006,1000,1006,0,0,3,0,1,0,4,8,27.0,2.0,1.5,112.0,112.0,,57.0,100.0,71.0,120.0,104.0
Alpine Valley Ski Area,Michigan,Michigan,500,240,126,0,0,0,1,2,5,6,14,25.0,3.0,0.2,100.0,100.0,,57.0,20.0,47.0,,100.0
Apple Mountain,Michigan,Michigan,820,220,600,0,0,0,1,0,0,5,6,12.0,,,80.0,42.0,,58.0,52.0,35.0,,80.0
Big Powderhorn Mountain,Michigan,Michigan,1800,600,1200,0,0,0,0,0,9,1,10,45.0,2.0,1.0,253.0,228.0,100.0,55.0,214.0,69.0,108.0,
Bittersweet Ski Area,Michigan,Michigan,850,350,450,0,0,0,1,7,0,4,12,20.0,2.0,0.2,100.0,100.0,80.0,36.0,90.0,48.0,,100.0
Big Snow Resort - Blackjack,Michigan,Michigan,850,465,385,0,0,0,0,0,4,2,6,26.0,2.0,1.0,170.0,86.0,95.0,42.0,210.0,65.0,115.0,
Boyne Highlands,Michigan,Michigan,1290,552,745,0,0,1,3,4,0,2,10,55.0,4.0,1.2,435.0,400.0,97.0,56.0,140.0,98.0,120.0,150.0
Caberfae Peaks,Michigan,Michigan,1569,485,1060,0,0,0,1,2,1,1,5,34.0,2.0,1.2,200.0,200.0,118.0,82.0,140.0,49.0,130.0,150.0
Cannonsburg,Michigan,Michigan,1100,250,850,0,0,0,1,1,1,7,10,21.0,5.0,0.1,100.0,,100.0,54.0,100.0,37.0,100.0,
Crystal Mountain,Michigan,Michigan,1132,375,757,0,0,1,3,2,0,2,8,58.0,3.0,0.3,102.0,96.0,120.0,63.0,132.0,64.0,135.0,56.0
Big Snow Resort - Indianhead Mountain,Michigan,Michigan,1935,638,1297,0,0,0,1,1,5,2,9,32.0,2.0,1.0,240.0,150.0,120.0,60.0,204.0,49.0,120.0,
Mont Ripley,Michigan,Michigan,1140,440,700,0,0,0,0,0,2,2,4,25.0,2.0,0.8,112.0,112.0,114.0,83.0,275.0,49.0,100.0,100.0
Mount Bohemia,Michigan,Michigan,1500,900,600,0,0,0,0,1,1,0,2,,,2.3,585.0,,83.0,19.0,273.0,68.0,100.0,
Mt. Brighton,Michigan,Michigan,1330,230,1100,0,0,0,2,3,0,8,13,25.0,5.0,0.1,130.0,130.0,111.0,59.0,60.0,59.0,100.0,130.0
Mt. Holiday Ski Area,Michigan,Michigan,440,200,240,0,0,0,0,0,2,2,4,12.0,,0.1,45.0,45.0,100.0,70.0,120.0,34.0,90.0,45.0
Mount Holly,Michigan,Michigan,1105,350,755,0,0,1,2,3,1,6,13,19.0,,0.1,100.0,100.0,,63.0,42.0,45.0,102.0,100.0
Mulligan's Hollow Ski Bowl,Michigan,Michigan,700,130,570,0,0,0,0,0,0,5,5,6.0,,0.2,10.0,10.0,,19.0,60.0,20.0,,10.0
Norway Mountain,Michigan,Michigan,1335,500,835,0,0,0,0,1,2,3,6,17.0,1.0,1.4,186.0,186.0,110.0,45.0,100.0,45.0,110.0,40.0
Nubs Nob Ski Area,Michigan,Michigan,1338,427,911,0,0,0,3,4,2,1,10,53.0,3.0,0.9,248.0,248.0,133.0,61.0,135.0,85.0,130.0,160.0
Pine Mountain,Michigan,Michigan,1650,500,1150,0,0,0,0,1,2,1,4,28.0,1.0,0.5,160.0,160.0,110.0,80.0,60.0,45.0,126.0,80.0
Schuss Mountain at Shanty Creek,Michigan,Michigan,1125,450,675,0,0,0,5,0,0,3,8,42.0,3.0,1.0,70.0,70.0,94.0,57.0,160.0,78.0,111.0,70.0
Ski Brule,Michigan,Michigan,1860,500,1360,0,0,0,0,0,5,7,12,17.0,3.0,1.0,150.0,150.0,164.0,62.0,150.0,49.0,165.0,40.0
Snow Snake Mountain Ski Area,Michigan,Michigan,1230,210,1020,0,0,0,0,1,0,5,6,12.0,2.0,0.0,40.0,40.0,,72.0,,35.0,,40.0
Swiss Valley,Michigan,Michigan,1200,225,975,0,0,0,2,1,0,4,7,11.0,2.0,0.1,60.0,60.0,89.0,51.0,60.0,42.0,80.0,60.0
The Homestead,Michigan,Michigan,900,320,580,0,0,0,0,2,1,2,5,15.0,1.0,0.2,16.0,16.0,47.0,34.0,150.0,50.0,42.0,16.0
Timber Ridge,Michigan,Michigan,850,250,600,0,0,0,1,1,2,4,8,16.0,2.0,0.3,50.0,50.0,80.0,58.0,,45.0,,50.0
Afton Alps,Minnesota,Minnesota,1530,350,1180,0,0,0,1,3,14,4,22,48.0,5.0,0.5,250.0,250.0,135.0,56.0,60.0,60.0,135.0,250.0
Andes Tower Hills Ski Area,Minnesota,Minnesota,1620,290,1330,0,0,0,1,2,0,3,6,15.0,2.0,0.2,35.0,35.0,100.0,38.0,55.0,45.0,110.0,35.0
Buck Hill,Minnesota,Minnesota,1225,309,919,0,0,0,2,1,0,5,8,16.0,,0.2,45.0,45.0,115.0,65.0,60.0,47.0,112.0,45.0
Buena Vista Ski Area,Minnesota,Minnesota,1510,230,1280,0,0,0,0,2,2,2,6,17.0,,0.3,30.0,30.0,57.0,70.0,78.0,44.0,60.0,30.0
Coffee Mill Ski & Snowboard Resort,Minnesota,Minnesota,1150,425,725,0,0,0,0,0,2,1,3,14.0,1.0,1.0,40.0,35.0,57.0,39.0,48.0,37.0,56.0,35.0
Elm Creek Winter Recreation Area,Minnesota,Minnesota,928,60,868,0,0,0,0,0,0,3,3,3.0,,1.0,15.0,20.0,105.0,13.0,45.0,17.0,102.0,15.0
Giants Ridge Resort,Minnesota,Minnesota,1972,500,1472,0,0,1,1,1,2,2,7,35.0,2.0,0.8,202.0,202.0,120.0,35.0,85.0,58.0,125.0,121.0
Hyland Ski & Snowboard Area,Minnesota,Minnesota,1075,175,900,0,0,0,2,1,0,5,8,14.0,1.0,1.0,35.0,35.0,110.0,61.0,55.0,35.34,115.0,35.0
Lutsen Mountains,Minnesota,Minnesota,1688,825,800,1,1,0,0,1,4,1,8,62.0,2.0,2.0,393.0,231.0,135.0,71.0,120.0,84.0,127.0,
Mount Kato Ski Area,Minnesota,Minnesota,540,240,300,0,0,0,5,0,3,2,10,19.0,4.0,1.0,55.0,55.0,115.0,43.0,50.0,46.0,120.0,50.0
Powder Ridge Ski Area,Minnesota,Minnesota,790,300,500,0,0,0,1,0,2,3,6,15.0,4.0,,60.0,60.0,97.0,58.0,45.0,48.0,113.0,60.0
Spirit Mountain,Minnesota,Minnesota,1320,700,620,0,0,1,1,2,1,2,7,22.0,3.0,1.0,175.0,175.0,100.0,45.0,100.0,59.0,125.0,144.0
Welch Village,Minnesota,Minnesota,1060,360,700,0,0,0,3,1,4,2,10,50.0,1.0,0.8,125.0,125.0,114.0,54.0,45.0,60.0,122.0,100.0
Wild Mountain Ski & Snowboard Area,Minnesota,Minnesota,1113,300,813,0,0,0,4,0,0,4,8,26.0,4.0,0.9,100.0,100.0,130.0,47.0,50.0,55.0,140.0,100.0
Hidden Valley Ski Area,Missouri,Missouri,2566,310,2316,0,0,0,2,2,0,3,7,17.0,,0.1,30.0,30.0,,37.0,26.0,49.0,,17.0
Snow Creek,Missouri,Missouri,1100,300,800,0,0,0,0,2,1,2,5,14.0,2.0,0.3,30.0,30.0,69.0,33.0,20.0,47.0,85.0,30.0
Blacktail Mountain Ski Area,Montana,Montana,6676,1440,5236,0,0,0,0,1,2,1,4,27.0,,0.7,1000.0,,,21.0,250.0,42.0,,
Bridger Bowl,Montana,Montana,8700,2600,6100,0,0,0,1,6,1,3,11,105.0,2.0,1.5,2000.0,100.0,122.0,64.0,350.0,63.0,133.0,
Discovery Ski Area,Montana,Montana,8150,2380,5770,0,0,0,0,5,2,1,8,74.0,1.0,1.5,2400.0,25.0,116.0,46.0,225.0,49.0,116.0,
Great Divide,Montana,Montana,7330,1580,5750,0,0,0,0,0,5,1,6,110.0,6.0,3.0,1600.0,150.0,94.0,78.0,180.0,48.0,100.0,100.0
Lost Trail - Powder Mtn,Montana,Montana,8200,1800,6400,0,0,0,0,0,5,3,8,69.0,2.0,2.5,1800.0,,84.0,81.0,325.0,46.0,80.0,
Maverick Mountain,Montana,Montana,8520,2020,6500,0,0,0,0,0,1,1,2,22.0,,1.3,255.0,,,83.0,160.0,39.0,,
Montana Snowbowl,Montana,Montana,7600,2600,5000,0,0,0,0,0,2,2,4,37.0,,1.2,950.0,20.0,,58.0,300.0,50.0,,10.0
Red Lodge Mountain,Montana,Montana,9416,2400,7016,0,0,2,0,1,3,1,7,70.0,2.0,2.5,1635.0,496.0,142.0,59.0,250.0,67.0,136.0,
Showdown Montana,Montana,Montana,8200,1400,6800,0,0,0,0,1,2,1,4,36.0,1.0,1.8,640.0,,86.0,83.0,250.0,47.0,85.0,
Teton Pass Ski Resort,Montana,Montana,7200,1010,6190,0,0,0,0,0,1,2,3,43.0,1.0,3.0,330.0,,40.0,54.0,250.0,39.0,150.0,
Big Mountain Resort,Montana,Montana,6817,2353,4464,0,0,3,2,6,0,3,14,105.0,4.0,3.3,3000.0,600.0,123.0,72.0,333.0,81.0,123.0,600.0
Diamond Peak,Sierra Nevada,Nevada,8540,1840,6700,0,0,1,2,0,3,1,7,30.0,3.0,2.5,655.0,492.0,100.0,53.0,300.0,99.0,122.0,
Elko SnoBowl,Nevada,Nevada,7000,700,6300,0,0,0,0,0,1,1,2,10.0,,1.0,60.0,2.0,19.0,23.0,24.0,20.0,30.0,
Lee Canyon,Nevada,Nevada,11289,860,8510,0,0,0,2,1,0,0,3,24.0,1.0,0.3,195.0,50.0,144.0,56.0,161.0,70.0,150.0,
Mt. Rose - Ski Tahoe,Sierra Nevada,Nevada,9700,1800,8260,0,2,0,2,2,0,2,8,65.0,5.0,2.5,1200.0,330.0,152.0,55.0,350.0,135.0,150.0,
Attitash,New Hampshire,New Hampshire,2350,1750,600,0,0,2,1,3,2,1,9,68.0,3.0,3.0,311.0,240.0,115.0,54.0,120.0,89.0,130.0,
Black Mountain,New Hampshire,New Hampshire,2350,1100,1250,0,0,0,0,1,1,3,5,45.0,,1.6,143.0,120.0,110.0,84.0,125.0,59.0,107.0,
Bretton Woods,New Hampshire,New Hampshire,3100,1500,1600,0,0,4,1,1,0,3,9,63.0,2.0,2.0,464.0,427.0,180.0,46.0,200.0,99.0,180.0,45.0
Cannon Mountain,New Hampshire,New Hampshire,4080,2180,1900,1,0,1,2,3,1,3,11,97.0,3.0,2.3,285.0,192.0,124.0,81.0,160.0,79.0,143.0,
Crotched Mountain,New Hampshire,New Hampshire,2066,1016,1050,0,0,1,1,1,1,1,5,25.0,3.0,1.2,100.0,100.0,105.0,16.0,105.0,69.0,100.0,100.0
Dartmouth Skiway,New Hampshire,New Hampshire,1943,969,974,0,0,0,1,0,1,2,4,28.0,1.0,1.1,107.0,54.0,104.0,63.0,100.0,50.0,105.0,
Gunstock,New Hampshire,New Hampshire,2300,1400,900,0,0,1,2,2,0,1,6,55.0,4.0,1.5,227.0,176.0,106.0,82.0,120.0,92.0,,60.0
King Pine,New Hampshire,New Hampshire,850,350,500,0,0,0,0,3,0,3,6,17.0,2.0,0.3,48.0,45.0,105.0,57.0,120.0,58.0,107.0,23.0
Mount Sunapee,New Hampshire,New Hampshire,2743,1510,1233,0,0,2,1,2,1,4,10,66.0,4.0,0.8,232.0,215.0,130.0,71.0,100.0,93.0,136.0,
Pats Peak,New Hampshire,New Hampshire,1460,770,690,0,0,0,0,4,2,5,11,28.0,3.0,1.5,115.0,115.0,109.0,56.0,100.0,72.0,112.0,93.0
Ragged Mountain Resort,New Hampshire,New Hampshire,2250,1250,1000,0,1,1,0,1,0,3,6,57.0,3.0,0.7,250.0,200.0,,54.0,100.0,84.0,140.0,
Waterville Valley,New Hampshire,New Hampshire,4004,2020,1984,0,0,2,0,2,3,4,11,62.0,4.0,1.9,265.0,220.0,142.0,54.0,148.0,93.0,142.0,
Whaleback Mountain,New Hampshire,New Hampshire,1800,700,1100,0,0,0,0,0,1,3,4,30.0,1.0,1.0,85.0,60.0,105.0,64.0,110.0,45.0,105.0,55.0
Wildcat Mountain,New Hampshire,New Hampshire,4062,2112,1950,0,0,1,0,3,0,1,5,48.0,,2.8,225.0,200.0,156.0,61.0,200.0,89.0,150.0,
Mountain Creek Resort,New Jersey,New Jersey,1480,1040,440,1,0,2,2,1,1,3,10,46.0,3.0,2.0,167.0,167.0,90.0,54.0,65.0,79.99,100.0,167.0
Angel Fire Resort,New Mexico,New Mexico,10677,2077,8600,0,0,2,0,0,3,2,7,81.0,3.0,3.0,560.0,230.0,101.0,53.0,210.0,77.0,101.0,50.0
Enchanted Forest Ski Area,New Mexico,New Mexico,10078,400,9820,0,0,0,0,0,0,0,0,33.0,,2.5,600.0,,130.0,34.0,240.0,20.0,140.0,
Pajarito Mountain Ski Area,New Mexico,New Mexico,10441,1410,9031,0,0,0,1,1,3,1,6,45.0,2.0,0.6,750.0,35.0,89.0,62.0,163.0,49.0,117.0,
Red River,New Mexico,New Mexico,10350,1600,8750,0,0,0,1,3,1,2,7,63.0,3.0,2.5,209.0,,110.0,60.0,214.0,79.0,,
Sandia Peak,New Mexico,New Mexico,10378,1700,8678,0,0,0,0,0,4,1,5,39.0,1.0,2.0,200.0,30.0,32.0,82.0,100.0,55.0,38.0,
Sipapu Ski Resort,New Mexico,New Mexico,9255,1055,8200,0,0,0,1,2,0,3,6,42.0,4.0,0.5,200.0,140.0,127.0,67.0,190.0,47.0,143.0,
Ski Apache,New Mexico,New Mexico,11500,1900,9600,1,0,0,2,6,0,2,11,55.0,3.0,2.0,750.0,270.0,133.0,58.0,185.0,74.0,124.0,
Ski Santa Fe,New Mexico,New Mexico,12075,1725,10350,0,0,0,1,2,2,2,7,83.0,1.0,3.0,660.0,275.0,107.0,73.0,225.0,80.0,130.0,
Taos Ski Valley,New Mexico,New Mexico,12481,3281,9200,1,0,1,3,4,1,4,14,111.0,1.0,5.0,1294.0,647.0,137.0,64.0,300.0,110.0,136.0,
Belleayre,New York,New York,3429,1404,2025,1,0,1,1,1,2,2,8,50.0,2.0,2.2,175.0,168.0,154.0,70.0,130.0,72.0,150.0,
Brantling Ski Slopes,New York,New York,850,250,600,0,0,0,0,0,0,5,5,10.0,,0.1,20.0,16.0,,19.0,110.0,32.0,,
Bristol Mountain,New York,New York,2200,1200,1000,0,0,2,1,1,1,1,6,34.0,3.0,2.0,160.0,148.0,129.0,55.0,60.0,76.0,129.0,154.0
Buffalo Ski Club Ski Area,New York,New York,3429,500,2025,0,0,0,0,0,2,4,6,43.0,1.0,,225.0,150.0,,12.0,,50.0,,100.0
Catamount,New York,New York,2000,1000,1000,0,0,0,1,1,2,3,7,36.0,5.0,2.0,133.0,130.0,100.0,80.0,108.0,69.0,90.0,55.0
Dry Hill Ski Area,New York,New York,950,300,650,0,0,0,0,0,1,2,3,7.0,1.0,0.2,35.0,26.0,,55.0,125.0,35.0,,26.0
Gore Mountain,New York,New York,3600,2537,998,1,0,2,2,3,2,4,14,110.0,7.0,4.5,439.0,338.0,142.0,55.0,150.0,88.0,,15.0
Greek Peak,New York,New York,2100,952,1148,0,0,0,1,1,4,2,8,56.0,4.0,1.5,220.0,184.0,110.0,62.0,122.0,63.2,113.0,175.0
Holiday Mountain,New York,New York,1550,400,1150,0,0,0,1,0,1,2,4,9.0,,0.4,37.0,37.0,75.0,60.0,50.0,42.0,85.0,37.0
Holiday Valley,New York,New York,2250,750,1500,0,0,3,8,0,0,2,13,60.0,5.0,1.0,290.0,266.0,116.0,62.0,180.0,78.0,129.0,189.0
Holimont Ski Area,New York,New York,2260,700,1560,0,0,1,1,2,3,1,8,53.0,3.0,1.5,135.0,135.0,110.0,57.0,180.0,75.0,119.0,
Hunt Hollow Ski Club,New York,New York,2030,825,1000,0,0,0,0,1,1,1,3,19.0,1.0,1.0,400.0,400.0,,52.0,130.0,58.0,75.0,400.0
Hunter Mountain,New York,New York,3200,1600,1600,0,2,1,2,2,2,4,13,67.0,4.0,2.0,320.0,320.0,148.0,59.0,120.0,89.0,155.0,
Kissing Bridge,New York,New York,1700,550,1150,0,0,0,2,1,4,3,10,39.0,5.0,0.5,700.0,550.0,103.0,59.0,120.0,60.0,100.0,650.0
Labrador Mt.,New York,New York,1825,700,1125,0,0,0,0,1,2,1,4,23.0,1.0,1.0,250.0,237.0,,62.0,125.0,59.0,100.0,180.0
Maple Ski Ridge,New York,New York,1200,450,750,0,0,0,0,1,1,1,3,10.0,,0.3,25.0,25.0,,57.0,,38.0,,20.0
McCauley Mountain Ski Center,New York,New York,2250,633,1563,0,0,0,0,0,1,4,5,23.0,1.0,0.3,70.0,55.0,105.0,61.0,200.0,30.0,105.0,
Mount Peter Ski Area,New York,New York,1250,450,750,0,0,0,1,0,2,2,5,14.0,1.0,1.0,69.0,69.0,100.0,83.0,50.0,54.0,100.0,69.0
Oak Mountain,New York,New York,2400,650,1750,0,0,0,1,0,0,3,4,22.0,1.0,1.2,46.0,18.0,,71.0,120.0,40.0,,12.0
Peek'n Peak,New York,New York,1800,400,1400,0,0,0,0,8,0,2,10,27.0,4.0,2.4,110.0,110.0,110.0,55.0,225.0,63.0,,110.0
Plattekill Mountain,New York,New York,3500,1100,2400,0,0,0,0,1,1,2,4,38.0,1.0,2.0,110.0,75.0,65.0,26.0,175.0,67.0,65.0,
Royal Mountain Ski Area,New York,New York,1800,550,1250,0,0,0,0,0,3,0,3,14.0,,0.3,35.0,28.0,,63.0,90.0,45.0,,
Snow Ridge,New York,New York,2000,650,1350,0,0,0,0,0,4,2,6,21.0,2.0,0.8,130.0,65.0,73.0,74.0,230.0,48.0,100.0,40.0
Song Mountain,New York,New York,1940,700,1240,0,0,0,0,1,1,3,5,24.0,,0.4,93.0,70.0,90.0,55.0,125.0,59.0,122.0,70.0
Swain,New York,New York,1970,650,1320,0,0,0,3,0,1,1,5,35.0,3.0,1.0,130.0,90.0,102.0,72.0,120.0,59.0,100.0,80.0
Thunder Ridge,New York,New York,1270,500,770,0,0,0,0,1,2,3,6,30.0,,0.4,100.0,100.0,121.0,60.0,,57.0,121.0,100.0
Titus Mountain,New York,New York,2025,1200,825,0,0,0,0,2,6,2,10,50.0,3.0,2.0,200.0,150.0,101.0,59.0,150.0,49.0,100.0,70.0
Toggenburg Mountain,New York,New York,2000,700,1300,0,0,0,0,1,1,3,5,22.0,2.0,0.4,85.0,,,66.0,130.0,55.0,122.0,73.0
West Mountain,New York,New York,1470,1010,460,0,0,0,0,1,2,2,5,29.0,1.0,0.6,124.0,105.0,,58.0,80.0,59.0,120.0,105.0
Whiteface Mountain Resort,New York,New York,4650,3430,1220,1,0,1,1,2,5,2,12,86.0,5.0,2.1,288.0,220.0,122.0,61.0,168.0,96.0,141.0,
Willard Mountain,New York,New York,1415,505,910,0,0,0,0,0,2,3,5,16.0,,0.4,50.0,35.0,85.0,19.0,80.0,46.0,120.0,35.0
Windham Mountain,New York,New York,3100,1600,1500,0,1,2,0,3,1,5,12,54.0,6.0,2.0,285.0,280.0,123.0,59.0,105.0,95.0,130.0,56.0
Woods Valley Ski Area,New York,New York,1400,500,900,0,0,0,0,0,2,4,6,21.0,,0.3,25.0,16.0,,55.0,180.0,39.0,,15.0
Appalachian Ski Mountain,North Carolina,North Carolina,4000,365,3635,0,0,0,2,0,1,2,5,12.0,3.0,0.5,27.0,27.0,100.0,57.0,50.0,64.0,100.0,27.0
Cataloochee Ski Area,North Carolina,North Carolina,5400,740,4660,0,0,0,1,1,1,2,5,18.0,2.0,1.0,50.0,50.0,141.0,58.0,50.0,70.0,108.0,50.0
Sapphire Valley,North Carolina,North Carolina,3450,200,3200,0,0,0,1,0,0,2,3,,1.0,1.0,8.0,8.0,53.0,55.0,24.0,43.0,60.0,8.0
Beech Mountain Resort,North Carolina,North Carolina,5506,830,4675,0,0,0,3,0,3,2,8,17.0,1.0,1.0,95.0,95.0,98.0,52.0,31.0,68.0,,95.0
Sugar Mountain Resort,North Carolina,North Carolina,5300,1200,4100,0,1,0,0,1,4,2,8,21.0,1.0,1.5,125.0,125.0,114.0,50.0,77.0,75.0,120.0,95.0
Wolf Ridge Ski Resort,North Carolina,North Carolina,4700,720,4000,0,0,0,1,0,1,2,4,15.0,1.0,0.6,65.0,65.0,,49.0,65.0,65.0,100.0,60.0
Alpine Valley,Ohio,Ohio,1500,230,1260,0,0,0,1,2,1,1,5,11.0,1.0,0.2,72.0,72.0,105.0,53.0,120.0,43.0,,72.0
Boston Mills,Ohio,Ohio,871,264,631,0,0,0,0,4,2,2,8,7.0,2.0,0.3,40.0,40.0,92.0,56.0,51.0,44.0,110.0,40.0
Brandywine,Ohio,Ohio,871,240,631,0,0,0,2,7,2,5,16,11.0,2.0,0.3,85.0,85.0,92.0,56.0,51.0,44.0,110.0,85.0
Mad River Mountain,Ohio,Ohio,1460,300,1160,0,0,0,1,2,3,6,12,20.0,4.0,0.5,144.0,144.0,99.0,57.0,36.0,44.0,90.0,144.0
Snow Trails,Ohio,Ohio,1475,301,1174,0,0,0,0,4,2,3,9,17.0,3.0,0.2,80.0,80.0,101.0,58.0,50.0,52.0,70.0,80.0
Anthony Lakes Mountain Resort,Oregon,Oregon,8000,900,7100,0,0,0,0,1,0,2,3,21.0,2.0,1.5,1100.0,,75.0,56.0,300.0,40.0,80.0,
Cooper Spur,Mt. Hood,Oregon,4000,350,3500,0,0,0,0,0,1,1,2,10.0,,0.1,50.0,,78.0,66.0,100.0,39.0,90.0,
Hoodoo Ski Area,Oregon,Oregon,5703,1035,4668,0,0,0,3,1,1,0,5,34.0,,0.4,806.0,,80.0,81.0,350.0,59.0,108.0,200.0
Mt. Ashland,Oregon,Oregon,7533,1150,6383,0,0,0,0,2,2,1,5,23.0,2.0,1.0,220.0,,94.0,55.0,300.0,52.0,92.0,40.0
Mt. Bachelor,Oregon,Oregon,9065,3365,5700,0,0,8,0,3,0,0,11,101.0,5.0,4.0,4318.0,20.0,185.0,61.0,462.0,99.0,185.0,
Mt. Hood Skibowl,Mt. Hood,Oregon,5100,1500,3600,0,0,0,0,0,4,5,9,65.0,2.0,3.0,960.0,29.0,125.0,82.0,300.0,70.0,144.0,317.0
Willamette Pass,Oregon,Oregon,6683,1563,5120,0,1,0,0,3,0,1,5,29.0,,2.1,555.0,60.0,3.0,78.0,430.0,60.0,100.0,
Bear Creek Mountain Resort,Pennsylvania,Pennsylvania,1100,510,600,0,0,0,3,1,0,2,6,23.0,3.0,1.0,86.0,86.0,91.0,52.0,30.0,60.0,90.0,86.0
Ski Big Bear,Pennsylvania,Pennsylvania,1250,650,600,0,0,0,0,0,4,2,6,18.0,1.0,1.5,26.0,26.0,75.0,43.0,69.0,62.0,75.0,26.0
Big Boulder,Pennsylvania,Pennsylvania,2175,600,1700,0,0,0,0,2,5,1,8,16.0,8.0,,55.0,55.0,76.0,72.0,50.0,65.0,95.0,55.0
Blue Knob,Pennsylvania,Pennsylvania,3146,1072,2074,0,0,0,0,2,2,2,6,34.0,1.0,2.0,100.0,84.0,87.0,56.0,120.0,68.0,105.0,42.0
Blue Mountain Resort,Pennsylvania,Pennsylvania,1600,1082,460,0,1,1,1,1,3,9,16,39.0,5.0,1.2,164.0,164.0,122.0,42.0,33.0,65.0,112.0,164.0
Camelback Mountain Resort,Pennsylvania,Pennsylvania,2100,800,1250,0,0,2,0,3,5,6,16,37.0,5.0,1.0,166.0,166.0,100.0,56.0,50.0,70.0,100.0,160.0
Elk Mountain Ski Resort,Pennsylvania,Pennsylvania,2693,1000,1693,0,0,0,1,0,5,1,7,27.0,2.0,0.7,180.0,146.0,,60.0,60.0,69.0,100.0,90.0
Jack Frost,Pennsylvania,Pennsylvania,2000,600,1400,0,0,0,1,2,5,1,9,20.0,1.0,1.0,100.0,100.0,96.0,47.0,50.0,65.0,105.0,
Liberty,Pennsylvania,Pennsylvania,1190,620,570,0,0,0,5,0,0,3,8,16.0,3.0,1.0,100.0,100.0,107.0,54.0,31.0,77.0,97.0,100.0
Mount Pleasant of Edinboro,Pennsylvania,Pennsylvania,1540,340,1200,0,0,0,0,1,0,1,2,10.0,,0.5,40.0,35.0,75.0,48.0,100.0,33.0,90.0,35.0
Roundtop Mountain Resort,Pennsylvania,Pennsylvania,1400,600,800,0,0,0,3,2,0,3,8,20.0,2.0,0.4,103.0,103.0,,55.0,30.0,73.0,,100.0
Seven Springs,Pennsylvania,Pennsylvania,2994,750,2240,0,2,0,3,5,0,4,14,33.0,7.0,1.2,285.0,285.0,99.0,87.0,135.0,87.0,115.0,200.0
Shawnee Mountain Ski Area,Pennsylvania,Pennsylvania,1350,700,650,0,0,1,1,0,4,4,10,23.0,2.0,1.6,125.0,125.0,100.0,44.0,50.0,65.0,122.0,120.0
Ski Sawmill,Pennsylvania,Pennsylvania,2215,515,1700,0,0,0,0,1,1,3,5,14.0,1.0,0.1,15.0,13.0,,50.0,24.0,44.0,90.0,15.0
Tussey Mountain,Pennsylvania,Pennsylvania,1750,520,1230,0,0,0,1,0,1,3,5,8.0,1.0,0.3,38.0,30.0,100.0,39.0,41.0,45.0,100.0,30.0
Whitetail Resort,Pennsylvania,Pennsylvania,1800,935,865,0,0,1,3,0,2,2,8,23.0,2.0,1.0,120.0,120.0,116.0,28.0,40.0,71.0,100.0,120.0
Deer Mountain Ski Resort,South Dakota,South Dakota,6850,940,6040,0,0,0,0,1,1,2,4,63.0,2.0,1.6,500.0,50.0,69.0,51.0,200.0,45.0,81.0,
Terry Peak Ski Area,South Dakota,South Dakota,7100,1100,5900,0,0,3,0,1,0,1,5,30.0,1.0,1.2,450.0,225.0,114.0,65.0,150.0,58.0,120.0,
Ober Gatlinburg Ski Resort,Tennessee,Tennessee,3300,600,2700,0,0,0,2,0,1,1,4,10.0,1.0,1.0,,,83.0,44.0,35.0,65.0,94.0,
Alta Ski Area,Salt Lake City,Utah,11068,2538,8530,0,0,3,0,1,2,0,6,116.0,,1.3,2614.0,140.0,150.0,81.0,545.0,116.0,140.0,
Beaver Mountain,Utah,Utah,8600,1600,7232,0,0,0,0,1,3,1,5,48.0,2.0,0.8,464.0,,120.0,81.0,400.0,50.0,120.0,
Brian Head Resort,Utah,Utah,10970,1548,9600,0,0,1,0,6,1,0,8,71.0,2.0,0.6,650.0,216.0,149.0,54.0,360.0,59.0,148.0,
Brighton Resort,Salt Lake City,Utah,10500,1745,8755,0,0,3,1,1,0,2,7,66.0,4.0,1.2,1050.0,200.0,138.0,83.0,500.0,85.0,138.0,200.0
Deer Valley Resort,Salt Lake City,Utah,9570,3000,6570,1,0,13,0,5,2,0,21,103.0,,2.8,2026.0,660.0,,39.0,300.0,169.0,,
Eagle Point,Utah,Utah,10600,1500,9100,0,0,0,1,1,2,1,5,40.0,1.0,0.9,650.0,,,9.0,400.0,60.0,109.0,
Powder Mountain,Utah,Utah,9422,2522,6900,0,0,1,4,1,0,3,9,167.0,2.0,3.5,8464.0,,120.0,47.0,500.0,88.0,146.0,300.0
Snowbasin,Utah,Utah,9350,2900,6450,3,1,2,0,3,0,2,11,107.0,4.0,3.5,3000.0,625.0,143.0,79.0,300.0,115.0,138.0,
Snowbird,Salt Lake City,Utah,11000,3240,7760,1,0,6,0,0,4,3,14,170.0,1.0,2.5,2500.0,,188.0,48.0,500.0,125.0,180.0,2.0
Solitude Mountain Resort,Salt Lake City,Utah,10488,2494,7994,0,0,4,2,1,1,1,9,80.0,,3.0,1200.0,150.0,161.0,62.0,500.0,119.0,148.0,
Sundance,Utah,Utah,8250,2150,6100,0,0,0,2,2,0,1,5,45.0,1.0,0.6,450.0,112.0,128.0,50.0,320.0,80.0,129.0,
Nordic Valley Resort,Utah,Utah,6400,960,5440,0,0,0,0,0,2,2,4,23.0,1.0,0.4,140.0,84.0,105.0,51.0,300.0,50.0,105.0,140.0
Bolton Valley,Vermont,Vermont,3150,1704,1446,0,0,0,2,0,3,1,6,71.0,3.0,0.6,300.0,90.0,133.0,53.0,300.0,79.0,132.0,50.0
Bromley Mountain,Vermont,Vermont,3284,1334,1950,0,0,1,1,0,4,3,9,47.0,1.0,2.5,178.0,153.0,,83.0,168.0,91.0,152.0,
Burke Mountain,Vermont,Vermont,3267,2011,1210,0,0,2,1,0,0,3,6,50.0,3.0,2.2,178.0,125.0,110.0,62.0,217.0,73.0,125.0,
Jay Peak,Vermont,Vermont,3968,2153,1815,1,0,1,3,1,1,2,9,79.0,2.0,3.0,385.0,300.0,155.0,64.0,349.0,89.0,160.0,
Killington Resort,Vermont,Vermont,4241,3050,1165,3,1,5,4,3,1,5,22,155.0,6.0,6.0,1515.0,600.0,192.0,61.0,250.0,119.0,,
Magic Mountain,Vermont,Vermont,2850,1500,1350,0,0,0,0,0,3,3,6,50.0,1.0,1.6,205.0,95.0,76.0,59.0,150.0,74.0,80.0,
Pico Mountain,Vermont,Vermont,3967,1967,2000,0,0,2,0,2,2,1,7,59.0,1.0,4.0,260.0,156.0,,82.0,250.0,81.0,,
Smugglers' Notch Resort,Vermont,Vermont,3640,2610,1030,0,0,0,0,0,6,2,8,78.0,6.0,3.0,1000.0,192.0,136.0,63.0,280.0,79.0,135.0,
Sugarbush,Vermont,Vermont,4083,2600,1483,0,0,5,5,2,1,3,16,111.0,4.0,3.0,581.0,406.0,150.0,61.0,250.0,119.0,156.0,
Suicide Six,Vermont,Vermont,1200,650,550,0,0,0,0,0,2,1,3,24.0,,0.4,100.0,50.0,100.0,85.0,90.0,75.0,106.0,
Bryce Resort,Virginia,Virginia,1750,500,1250,0,0,0,1,0,1,5,7,8.0,,0.4,25.0,25.0,100.0,54.0,30.0,68.0,95.0,20.0
49 Degrees North,Washington,Washington,5774,1851,3932,0,0,0,1,0,5,1,7,89.0,1.0,2.0,2325.0,,101.0,48.0,301.0,62.0,135.0,250.0
Bluewood,Washington,Washington,5670,1125,4545,0,0,0,0,2,0,1,3,24.0,2.0,2.0,355.0,,70.0,40.0,300.0,47.0,110.0,
Crystal Mountain,Washington,Washington,7012,3100,4400,1,2,2,1,2,2,0,10,57.0,1.0,2.5,2600.0,10.0,,57.0,486.0,99.0,,
Mt. Baker,Washington,Washington,5000,1500,3500,0,0,0,8,0,0,2,10,38.0,,0.7,1000.0,,143.0,66.0,663.0,60.01,165.0,
Mt. Spokane Ski and Snowboard Park,Washington,Washington,5889,2000,4200,0,0,0,0,1,5,1,7,52.0,3.0,0.6,1704.0,,100.0,81.0,300.0,59.0,103.0,45.0
The Summit at Snoqualmie,Washington,Washington,3865,1025,2840,0,0,3,3,4,10,7,27,112.0,5.0,0.8,1994.0,5.0,120.0,82.0,428.0,95.0,140.0,541.0
White Pass,Washington,Washington,6550,2050,4500,0,0,2,1,1,2,2,8,45.0,2.0,2.5,1402.0,30.0,148.0,67.0,400.0,69.0,144.0,90.0
Canaan Valley Resort,West Virginia,West Virginia,4280,850,3430,0,0,0,1,2,0,1,4,47.0,1.0,1.2,95.0,75.0,,48.0,160.0,68.0,93.0,
Snowshoe Mountain Resort,West Virginia,West Virginia,4848,1500,3348,0,0,3,2,6,0,3,14,60.0,5.0,1.5,257.0,257.0,125.0,46.0,180.0,87.0,138.0,86.0
Timberline Four Seasons,West Virginia,West Virginia,4265,1000,3268,0,0,0,0,2,1,1,4,40.0,1.0,2.0,100.0,100.0,97.0,37.0,150.0,92.0,115.0,27.0
Winterplace Ski Resort,West Virginia,West Virginia,3600,603,2997,0,0,0,2,3,2,2,9,27.0,2.0,1.2,90.0,90.0,120.0,36.0,100.0,72.0,120.0,74.0
Alpine Valley Resort,Wisconsin,Wisconsin,1040,388,820,0,0,3,0,3,1,5,12,21.0,3.0,0.2,90.0,90.0,100.0,55.0,80.0,65.0,120.0,90.0
Bruce Mound,Wisconsin,Wisconsin,1375,375,1000,0,0,0,0,1,0,4,5,12.0,2.0,0.5,40.0,30.0,42.0,71.0,42.0,25.0,42.0,30.0
Cascade Mountain,Wisconsin,Wisconsin,1280,460,820,0,0,2,2,3,2,3,12,47.0,4.0,1.1,175.0,175.0,120.0,57.0,56.0,64.0,120.0,
Christie Mountain,Wisconsin,Wisconsin,1650,350,1300,0,0,0,0,0,1,5,6,30.0,4.0,0.8,45.0,41.0,92.0,43.0,48.0,38.0,120.0,35.0
Devils Head,Wisconsin,Wisconsin,995,500,495,0,0,0,3,1,6,2,12,27.0,1.0,1.0,260.0,260.0,110.0,48.0,45.0,65.0,135.0,200.0
Grand Geneva,Wisconsin,Wisconsin,1086,211,875,0,0,0,0,0,3,3,6,20.0,1.0,0.2,30.0,30.0,90.0,25.0,25.0,49.0,93.0,30.0
Granite Peak Ski Area,Wisconsin,Wisconsin,1942,700,1242,0,1,2,0,2,0,2,7,75.0,4.0,0.6,220.0,160.0,136.0,82.0,75.0,92.0,135.0,200.0
Mount La Crosse,Wisconsin,Wisconsin,1110,516,594,0,0,0,0,0,3,1,4,19.0,1.0,0.4,100.0,100.0,115.0,60.0,40.0,56.0,100.0,90.0
Nordic Mountain,Wisconsin,Wisconsin,1137,265,872,0,0,0,0,1,1,5,7,18.0,4.0,1.0,60.0,60.0,68.0,43.0,80.0,47.0,90.0,60.0
Sunburst,Wisconsin,Wisconsin,1100,214,866,0,0,0,0,0,3,6,9,13.0,4.0,0.5,37.0,37.0,99.0,59.0,50.0,44.0,115.0,37.0
Trollhaugen,Wisconsin,Wisconsin,1200,260,920,0,0,0,2,0,1,5,8,24.0,4.0,0.5,86.0,86.0,130.0,69.0,50.0,54.0,120.0,86.0
Tyrol Basin,Wisconsin,Wisconsin,1160,300,860,0,0,0,0,3,0,2,5,18.0,5.0,0.5,32.0,32.0,112.0,61.0,41.0,48.0,103.0,32.0
Whitecap Mountain,Wisconsin,Wisconsin,1750,400,1295,0,0,0,1,0,4,0,5,43.0,1.0,1.0,400.0,300.0,105.0,57.0,200.0,60.0,118.0,
Wilmot Mountain,Wisconsin,Wisconsin,1030,230,800,0,0,0,3,2,2,3,10,23.0,2.0,0.5,135.0,135.0,125.0,81.0,70.0,66.0,139.0,135.0
Grand Targhee Resort,Wyoming,Wyoming,9920,2270,7851,0,0,2,2,0,0,1,5,95.0,1.0,2.7,2602.0,,152.0,50.0,500.0,90.0,152.0,
Hogadon Basin,Wyoming,Wyoming,8000,640,7400,0,0,0,0,0,1,1,2,28.0,1.0,0.6,92.0,32.0,121.0,61.0,80.0,48.0,95.0,
Sleeping Giant Ski Resort,Wyoming,Wyoming,7428,810,6619,0,0,0,0,1,1,1,3,48.0,1.0,1.0,184.0,18.0,61.0,81.0,310.0,42.0,77.0,
Snow King Resort,Wyoming,Wyoming,7808,1571,6237,0,0,0,1,1,1,0,3,32.0,2.0,1.0,400.0,250.0,121.0,80.0,300.0,59.0,123.0,110.0
Snowy Range Ski & Recreation Area,Wyoming,Wyoming,9663,990,8798,0,0,0,0,1,3,1,5,33.0,2.0,0.7,75.0,30.0,131.0,59.0,250.0,49.0,,
White Pine Ski Area,Wyoming,Wyoming,9500,1100,8400,0,0,0,0,2,0,0,2,25.0,,0.4,370.0,,,81.0,150.0,49.0,,
